interaction,constraints_num,ari
0,0,0.0
25,25,0.9037141640512019
36,36,0.9602776916338867
46,46,0.97993200471804
54,54,0.97993200471804
62,62,1.0
